[
    {
        "name": "Tova Kilgallen",
        "email": "tkilgallen0@mac.com",
        "pin": "862496",
        "address": "Zernograd",
        "phone": "570-766-2353",
        "designation": "Cashier"
    },
    {
        "name": "Westbrooke Thridgould",
        "email": "wthridgould1@mapquest.com",
        "pin": "774242",
        "address": "Brades",
        "phone": "153-497-6084",
        "designation": "Sales Associate"
    },
    {
        "name": "Joni Hidderley",
        "email": "jhidderley2@weibo.com",
        "pin": "125153",
        "address": "Wanju",
        "phone": "278-602-2611",
        "designation": "Cashier"
    },
    {
        "name": "Fidole Tanzig",
        "email": "ftanzig3@about.com",
        "pin": "159361",
        "address": "Seremban",
        "phone": "638-133-3919",
        "designation": "Sales Associate"
    },
    {
        "name": "Norry Stirland",
        "email": "nstirland4@bloglines.com",
        "pin": "994444",
        "address": "Ronggui",
        "phone": "394-606-1879",
        "designation": "Sales Associate"
    },
    {
        "name": "Vida Strathman",
        "email": "vstrathman5@dell.com",
        "pin": "827342",
        "address": "Palmares",
        "phone": "270-472-4203",
        "designation": "Sales Associate"
    },
    {
        "name": "Clifford Lipgens",
        "email": "clipgens6@is.gd",
        "pin": "228724",
        "address": "Bjelovar",
        "phone": "153-348-0861",
        "designation": "Cashier"
    },
    {
        "name": "Moyna Dyton",
        "email": "mdyton7@behance.net",
        "pin": "569585",
        "address": "Dietaisi",
        "phone": "619-134-5573",
        "designation": "Sales Associate"
    },
    {
        "name": "Holt I'anson",
        "email": "hianson8@goo.gl",
        "pin": "294999",
        "address": "Panggungrejo",
        "phone": "609-877-3950",
        "designation": "Sales Associate"
    },
    {
        "name": "Aurie McFall",
        "email": "amcfall9@telegraph.co.uk",
        "pin": "328147",
        "address": "Kolsko",
        "phone": "653-976-7040",
        "designation": "Sales Associate"
    },
    {
        "name": "Cobb felip",
        "email": "cfelipa@usgs.gov",
        "pin": "946548",
        "address": "Evxinoúpolis",
        "phone": "193-672-2207",
        "designation": "Sales Associate"
    },
    {
        "name": "Travus Johnston",
        "email": "tjohnstonb@tmall.com",
        "pin": "938271",
        "address": "Salinas",
        "phone": "741-931-6556",
        "designation": "Sales Associate"
    },
    {
        "name": "Marissa Leele",
        "email": "mleelec@rakuten.co.jp",
        "pin": "433543",
        "address": "Lukou",
        "phone": "955-803-0211",
        "designation": "Cashier"
    },
    {
        "name": "Janey Kernock",
        "email": "jkernockd@newsvine.com",
        "pin": "688595",
        "address": "Sindang",
        "phone": "161-232-5669",
        "designation": "Sales Associate"
    },
    {
        "name": "Siouxie Deverall",
        "email": "sdeveralle@php.net",
        "pin": "163573",
        "address": "Qianjin",
        "phone": "899-608-8314",
        "designation": "Sales Associate"
    },
    {
        "name": "Ailbert Chopy",
        "email": "achopyf@qq.com",
        "pin": "677393",
        "address": "Chashan",
        "phone": "622-170-7590",
        "designation": "Cashier"
    },
    {
        "name": "Gabbey Stairs",
        "email": "gstairsg@skype.com",
        "pin": "121777",
        "address": "Luwan",
        "phone": "906-759-9076",
        "designation": "Cashier"
    },
    {
        "name": "Kimble Keson",
        "email": "kkesonh@merriam-webster.com",
        "pin": "688194",
        "address": "Longkou",
        "phone": "878-840-9748",
        "designation": "Cashier"
    },
    {
        "name": "Iormina Graysmark",
        "email": "igraysmarki@state.tx.us",
        "pin": "391547",
        "address": "Tocoa",
        "phone": "609-837-8351",
        "designation": "Sales Associate"
    },
    {
        "name": "Nancie Enever",
        "email": "neneverj@vistaprint.com",
        "pin": "998589",
        "address": "Tanjiaqiao",
        "phone": "892-145-8484",
        "designation": "Sales Associate"
    },
    {
        "name": "Lucian Horche",
        "email": "lhorchek@senate.gov",
        "pin": "975485",
        "address": "Candelaria",
        "phone": "512-913-0926",
        "designation": "Sales Associate"
    },
    {
        "name": "Wood Epps",
        "email": "weppsl@hexun.com",
        "pin": "652327",
        "address": "Qinghua",
        "phone": "874-686-4826",
        "designation": "Sales Associate"
    },
    {
        "name": "Miguelita Jansens",
        "email": "mjansensm@stumbleupon.com",
        "pin": "573513",
        "address": "Barice",
        "phone": "980-159-4767",
        "designation": "Sales Associate"
    },
    {
        "name": "Darcie Placide",
        "email": "dplaciden@uol.com.br",
        "pin": "141577",
        "address": "Klenovyy",
        "phone": "711-914-1692",
        "designation": "Sales Associate"
    },
    {
        "name": "Eldon Dalligan",
        "email": "edalligano@rakuten.co.jp",
        "pin": "825474",
        "address": "Jovellar",
        "phone": "271-757-0645",
        "designation": "Sales Associate"
    },
    {
        "name": "Angelita Witham",
        "email": "awithamp@i2i.jp",
        "pin": "497671",
        "address": "Santo António",
        "phone": "920-648-7503",
        "designation": "Sales Associate"
    },
    {
        "name": "Benoite Angeli",
        "email": "bangeliq@slashdot.org",
        "pin": "648562",
        "address": "Saskatoon",
        "phone": "276-846-1363",
        "designation": "Supervisor"
    },
    {
        "name": "Wynny Pullen",
        "email": "wpullenr@1und1.de",
        "pin": "974465",
        "address": "Totolan",
        "phone": "199-822-3287",
        "designation": "Cashier"
    },
    {
        "name": "Thayne Geater",
        "email": "tgeaters@sakura.ne.jp",
        "pin": "243364",
        "address": "Mhlume",
        "phone": "974-130-0430",
        "designation": "Sales Associate"
    },
    {
        "name": "Thebault Greenan",
        "email": "tgreenant@microsoft.com",
        "pin": "227666",
        "address": "Tshaneni",
        "phone": "336-823-8701",
        "designation": "Cashier"
    },
    {
        "name": "Sherwood Joinson",
        "email": "sjoinsonu@loc.gov",
        "pin": "927827",
        "address": "Fushë-Bulqizë",
        "phone": "212-194-4753",
        "designation": "Sales Associate"
    },
    {
        "name": "Thomasina Derry",
        "email": "tderryv@soundcloud.com",
        "pin": "123491",
        "address": "La Purisima",
        "phone": "979-675-5081",
        "designation": "Sales Associate"
    },
    {
        "name": "Cate Houston",
        "email": "choustonw@facebook.com",
        "pin": "264425",
        "address": "Moroni",
        "phone": "413-414-9136",
        "designation": "Sales Associate"
    },
    {
        "name": "Pepi Seeviour",
        "email": "pseeviourx@twitter.com",
        "pin": "765938",
        "address": "København",
        "phone": "572-951-7922",
        "designation": "Sales Associate"
    },
    {
        "name": "Lucias Ongin",
        "email": "longiny@illinois.edu",
        "pin": "196763",
        "address": "Kusi",
        "phone": "208-850-3937",
        "designation": "Sales Associate"
    },
    {
        "name": "Benoite Quest",
        "email": "bquestz@apache.org",
        "pin": "953828",
        "address": "Medeiros Neto",
        "phone": "703-458-3944",
        "designation": "Cashier"
    },
    {
        "name": "Ansley Gummery",
        "email": "agummery10@usatoday.com",
        "pin": "842132",
        "address": "Guanambi",
        "phone": "364-893-4487",
        "designation": "Sales Associate"
    },
    {
        "name": "Moria O'Kinedy",
        "email": "mokinedy11@seesaa.net",
        "pin": "291347",
        "address": "Yumbe",
        "phone": "517-321-2314",
        "designation": "Sales Associate"
    },
    {
        "name": "Nico Salack",
        "email": "nsalack12@opensource.org",
        "pin": "916368",
        "address": "Guzhen",
        "phone": "925-872-8280",
        "designation": "Sales Associate"
    },
    {
        "name": "Bethany Aspling",
        "email": "baspling13@umich.edu",
        "pin": "838352",
        "address": "Tayzhina",
        "phone": "728-818-9864",
        "designation": "Assistant Manager"
    },
    {
        "name": "Miguel Moreno",
        "email": "mmoreno14@woothemes.com",
        "pin": "463848",
        "address": "Newport",
        "phone": "749-143-1879",
        "designation": "Cashier"
    },
    {
        "name": "Hamish Peal",
        "email": "hpeal15@ucoz.com",
        "pin": "363299",
        "address": "Sumeng",
        "phone": "890-590-2888",
        "designation": "Sales Associate"
    },
    {
        "name": "Lolly Ondrasek",
        "email": "londrasek16@google.com.au",
        "pin": "263224",
        "address": "Qingkenpao",
        "phone": "742-555-2837",
        "designation": "Cashier"
    },
    {
        "name": "Ester Pautard",
        "email": "epautard17@biglobe.ne.jp",
        "pin": "233157",
        "address": "Turinsk",
        "phone": "238-810-3381",
        "designation": "Cashier"
    },
    {
        "name": "Rosene Haack",
        "email": "rhaack18@jiathis.com",
        "pin": "954964",
        "address": "Bairro do Margaça",
        "phone": "297-508-5541",
        "designation": "Sales Associate"
    },
    {
        "name": "Darcy Yeell",
        "email": "dyeell19@ning.com",
        "pin": "136447",
        "address": "Zelenodolsk",
        "phone": "731-812-4093",
        "designation": "Supervisor"
    },
    {
        "name": "Delila Coney",
        "email": "dconey1a@prnewswire.com",
        "pin": "378495",
        "address": "Tanjungjaya",
        "phone": "267-201-3995",
        "designation": "Supervisor"
    },
    {
        "name": "Taddeusz Tiley",
        "email": "ttiley1b@joomla.org",
        "pin": "114851",
        "address": "Isnos",
        "phone": "982-243-8858",
        "designation": "Supervisor"
    },
    {
        "name": "Donica Smylie",
        "email": "dsmylie1c@soundcloud.com",
        "pin": "337834",
        "address": "Huancheng",
        "phone": "922-922-6313",
        "designation": "Sales Associate"
    },
    {
        "name": "Conrade Siene",
        "email": "csiene1d@hubpages.com",
        "pin": "842326",
        "address": "Dazhigu",
        "phone": "279-466-7772",
        "designation": "Cashier"
    },
    {
        "name": "Dame Avrahamy",
        "email": "davrahamy1e@opensource.org",
        "pin": "751592",
        "address": "San Isidro",
        "phone": "337-558-4034",
        "designation": "Cashier"
    },
    {
        "name": "Moe Preon",
        "email": "mpreon1f@de.vu",
        "pin": "264962",
        "address": "Bandungsari",
        "phone": "205-854-9927",
        "designation": "Assistant Manager"
    },
    {
        "name": "Lesley De Bell",
        "email": "lde1g@blogs.com",
        "pin": "267668",
        "address": "Izra‘",
        "phone": "524-718-5963",
        "designation": "Sales Associate"
    },
    {
        "name": "Guss Fasse",
        "email": "gfasse1h@over-blog.com",
        "pin": "153964",
        "address": "Cantagallo",
        "phone": "362-242-7172",
        "designation": "Assistant Manager"
    },
    {
        "name": "Kayla Petracco",
        "email": "kpetracco1i@dell.com",
        "pin": "935652",
        "address": "Phùng",
        "phone": "480-194-8815",
        "designation": "Sales Associate"
    },
    {
        "name": "Hilary O'Dunniom",
        "email": "hodunniom1j@forbes.com",
        "pin": "493278",
        "address": "Buluangan",
        "phone": "859-610-5205",
        "designation": "Sales Associate"
    },
    {
        "name": "Hastie Hitzmann",
        "email": "hhitzmann1k@yellowpages.com",
        "pin": "982993",
        "address": "São João dos Montes",
        "phone": "679-313-2142",
        "designation": "Cashier"
    },
    {
        "name": "Carine George",
        "email": "cgeorge1l@phpbb.com",
        "pin": "717258",
        "address": "Itapé",
        "phone": "883-504-9286",
        "designation": "Sales Associate"
    },
    {
        "name": "Rolf Perrygo",
        "email": "rperrygo1m@cbsnews.com",
        "pin": "199169",
        "address": "Munjungan",
        "phone": "114-612-0671",
        "designation": "Sales Associate"
    },
    {
        "name": "Dominica Brittlebank",
        "email": "dbrittlebank1n@cyberchimps.com",
        "pin": "252362",
        "address": "Guérande",
        "phone": "635-989-5239",
        "designation": "Sales Associate"
    },
    {
        "name": "Coreen Lamberto",
        "email": "clamberto1o@wikipedia.org",
        "pin": "534713",
        "address": "Lampang",
        "phone": "695-382-8716",
        "designation": "Sales Associate"
    },
    {
        "name": "Vail Remer",
        "email": "vremer1p@de.vu",
        "pin": "858434",
        "address": "Bogorodskoye",
        "phone": "200-228-4612",
        "designation": "Sales Associate"
    },
    {
        "name": "Angie Simison",
        "email": "asimison1q@cocolog-nifty.com",
        "pin": "168659",
        "address": "Huangyang",
        "phone": "725-259-3602",
        "designation": "Sales Associate"
    },
    {
        "name": "Isiahi North",
        "email": "inorth1r@economist.com",
        "pin": "961369",
        "address": "Sirnasari",
        "phone": "133-490-4980",
        "designation": "Sales Associate"
    },
    {
        "name": "Moria Braybrook",
        "email": "mbraybrook1s@google.ru",
        "pin": "176182",
        "address": "Tomaševac",
        "phone": "737-927-7086",
        "designation": "Sales Associate"
    },
    {
        "name": "Carina Lukasik",
        "email": "clukasik1t@goo.ne.jp",
        "pin": "832383",
        "address": "Pitomača",
        "phone": "863-163-3082",
        "designation": "Sales Associate"
    },
    {
        "name": "Janeta Gallier",
        "email": "jgallier1u@dailymail.co.uk",
        "pin": "163432",
        "address": "Taiyangling",
        "phone": "220-147-1036",
        "designation": "Supervisor"
    },
    {
        "name": "Brook Bovis",
        "email": "bbovis1v@wp.com",
        "pin": "393583",
        "address": "Nîmes",
        "phone": "211-148-6282",
        "designation": "Cashier"
    },
    {
        "name": "Mikol Demongeot",
        "email": "mdemongeot1w@wunderground.com",
        "pin": "721599",
        "address": "Magok",
        "phone": "712-362-6754",
        "designation": "Cashier"
    },
    {
        "name": "Delcine Floyde",
        "email": "dfloyde1x@telegraph.co.uk",
        "pin": "779584",
        "address": "Fenggao",
        "phone": "634-945-3801",
        "designation": "Sales Associate"
    },
    {
        "name": "Toddie Caddy",
        "email": "tcaddy1y@squarespace.com",
        "pin": "318871",
        "address": "Myshkin",
        "phone": "405-252-1699",
        "designation": "Sales Associate"
    },
    {
        "name": "Robb Meiklam",
        "email": "rmeiklam1z@si.edu",
        "pin": "325964",
        "address": "Yŏng-dong",
        "phone": "143-827-4062",
        "designation": "Cashier"
    },
    {
        "name": "Tabbi Serot",
        "email": "tserot20@deliciousdays.com",
        "pin": "121476",
        "address": "Strasbourg",
        "phone": "670-830-5069",
        "designation": "Cashier"
    },
    {
        "name": "Romona Babbidge",
        "email": "rbabbidge21@newyorker.com",
        "pin": "439334",
        "address": "Madīnat Sittah Uktūbar",
        "phone": "413-614-1041",
        "designation": "Assistant Manager"
    },
    {
        "name": "Doreen Penhaleurack",
        "email": "dpenhaleurack22@addthis.com",
        "pin": "987297",
        "address": "Stockholm",
        "phone": "104-824-5571",
        "designation": "Sales Associate"
    },
    {
        "name": "Dulcia Fernandez",
        "email": "dfernandez23@shop-pro.jp",
        "pin": "844735",
        "address": "Lelkowo",
        "phone": "966-320-7888",
        "designation": "Assistant Manager"
    },
    {
        "name": "Amye Hempshall",
        "email": "ahempshall24@macromedia.com",
        "pin": "249939",
        "address": "Aix-en-Provence",
        "phone": "192-810-6575",
        "designation": "Supervisor"
    },
    {
        "name": "Garey Macrae",
        "email": "gmacrae25@clickbank.net",
        "pin": "816284",
        "address": "Xinhui",
        "phone": "844-222-7845",
        "designation": "Cashier"
    },
    {
        "name": "Loralie Presswell",
        "email": "lpresswell26@ed.gov",
        "pin": "837653",
        "address": "Eksjö",
        "phone": "668-763-4986",
        "designation": "Cashier"
    },
    {
        "name": "Rozalin Romaynes",
        "email": "rromaynes27@disqus.com",
        "pin": "832864",
        "address": "Maumbawa",
        "phone": "307-196-7305",
        "designation": "Cashier"
    },
    {
        "name": "Rickie Yesinin",
        "email": "ryesinin28@prlog.org",
        "pin": "344961",
        "address": "Tambilil",
        "phone": "714-953-0638",
        "designation": "Sales Associate"
    },
    {
        "name": "Flor Raveau",
        "email": "fraveau29@army.mil",
        "pin": "452796",
        "address": "Krasnyy Yar",
        "phone": "830-283-7912",
        "designation": "Sales Associate"
    },
    {
        "name": "Fredric Silcox",
        "email": "fsilcox2a@behance.net",
        "pin": "911249",
        "address": "Argostólion",
        "phone": "542-876-6019",
        "designation": "Cashier"
    },
    {
        "name": "Alejandrina Reymers",
        "email": "areymers2b@usatoday.com",
        "pin": "173414",
        "address": "Halton",
        "phone": "814-736-1088",
        "designation": "Sales Associate"
    },
    {
        "name": "Ferdinanda Swinerd",
        "email": "fswinerd2c@reddit.com",
        "pin": "176872",
        "address": "Ocoyo",
        "phone": "580-775-6651",
        "designation": "Sales Associate"
    },
    {
        "name": "Dugald Kittiman",
        "email": "dkittiman2d@google.nl",
        "pin": "699641",
        "address": "Savitaipale",
        "phone": "628-930-2337",
        "designation": "Sales Associate"
    },
    {
        "name": "Ely Fourcade",
        "email": "efourcade2e@1688.com",
        "pin": "823847",
        "address": "Santo Tomás",
        "phone": "677-410-5551",
        "designation": "Supervisor"
    },
    {
        "name": "Rory McGauhy",
        "email": "rmcgauhy2f@nydailynews.com",
        "pin": "581155",
        "address": "Gujrāt",
        "phone": "235-681-7485",
        "designation": "Sales Associate"
    },
    {
        "name": "Chase Carlsson",
        "email": "ccarlsson2g@time.com",
        "pin": "276332",
        "address": "Zhyrovichy",
        "phone": "154-140-4745",
        "designation": "Cashier"
    },
    {
        "name": "Johann Stother",
        "email": "jstother2h@dailymail.co.uk",
        "pin": "689334",
        "address": "Olleros",
        "phone": "692-103-7657",
        "designation": "Cashier"
    },
    {
        "name": "Loleta Pedican",
        "email": "lpedican2i@bbb.org",
        "pin": "545558",
        "address": "Mönhbulag",
        "phone": "647-221-8546",
        "designation": "Sales Associate"
    },
    {
        "name": "Harwilll Alvarez",
        "email": "halvarez2j@devhub.com",
        "pin": "856167",
        "address": "Sayang Lauq",
        "phone": "353-972-0483",
        "designation": "Sales Associate"
    },
    {
        "name": "Belia Turbitt",
        "email": "bturbitt2k@blogspot.com",
        "pin": "577581",
        "address": "Vuhlehirs’k",
        "phone": "462-599-3744",
        "designation": "Sales Associate"
    },
    {
        "name": "Tobin Aizikov",
        "email": "taizikov2l@aol.com",
        "pin": "215213",
        "address": "Los Santos",
        "phone": "371-965-9771",
        "designation": "Sales Associate"
    },
    {
        "name": "Rochester Rennebach",
        "email": "rrennebach2m@netlog.com",
        "pin": "273644",
        "address": "Umpak",
        "phone": "849-214-1313",
        "designation": "Sales Associate"
    },
    {
        "name": "Joelly Coggell",
        "email": "jcoggell2n@fotki.com",
        "pin": "783388",
        "address": "Niuzhuang",
        "phone": "224-801-4897",
        "designation": "Cashier"
    },
    {
        "name": "Maisie Burrill",
        "email": "mburrill2o@addtoany.com",
        "pin": "711912",
        "address": "Volgodonsk",
        "phone": "207-577-9405",
        "designation": "Manager"
    },
    {
        "name": "Doll Tall",
        "email": "dtall2p@domainmarket.com",
        "pin": "896849",
        "address": "Mikhaylovsk",
        "phone": "172-938-0684",
        "designation": "Sales Associate"
    },
    {
        "name": "Heather Farfolomeev",
        "email": "hfarfolomeev2q@ehow.com",
        "pin": "138399",
        "address": "Boden",
        "phone": "831-847-2119",
        "designation": "Cashier"
    },
    {
        "name": "Aleen Gretton",
        "email": "agretton2r@t.co",
        "pin": "836915",
        "address": "Zākhū",
        "phone": "957-556-9170",
        "designation": "Sales Associate"
    }
]